Date,Store_id,Product_id,Units_sold,Sales Amount,Discount Applied,Customer Segment
09-11-2024,S002,,76,199.57,15.45,
21-11-2024,,P005,52,1279.78,14.51,New
19-11-2024,S001,P007,33,755.12,3.8,Regular
19-11-2024,S005,P001,82,1316.87,3.32,New
03-11-2024,S006,P005,8869,160.09,15.7,Premium
30-11-2024,S006,P003,87,1404.44,14.3,New
17-11-2024,S006,P007,33,1414.32,16.62,Regular
19-11-2024,S003,P002,88,891.87,14.25,
20-11-2024,S002,P003,0,1307.87,11.09,Regular
29-11-2024,S005,P003,31,500.71,1.62,Premium
14-11-2024,S006,P003,71,1473.68,12.17,Premium
05-11-2024,,P005,7,837.98,17.56,Premium
,S003,P002,90,561.26,8.4,Premium
21-11-2024,S005,P006,31,674.88,10.02,
25-11-2024,S003,P004,96,868.24,,Premium
23-11-2024,S004,P002,68,,11.38,Premium
,,P002,17,1281.82,14.5,New
15-11-2024,S004,P007,8,1317.86,4.05,Premium
16-11-2024,S004,P007,51,215.77,11.29,Regular
02-11-2024,,P007,23,488.95,0.3,Premium
01-12-2024,S002,P002,54,1272.1,1.71,Premium
30-11-2024,S001,P006,69,608.73,16.48,Regular
27-11-2024,S005,,27,385.23,5.17,New
,S005,P007,97,1348.09,17.38,New
03-11-2024,S005,P003,33,320.72,12.57,Premium
06-11-2024,S005,P005,28,438.41,12.84,
21-11-2024,S004,P007,6,258.17,5.96,Regular
10-11-2024,S001,P008,83,818.48,2.43,Regular
27-11-2024,S002,P001,79,1278.29,5.81,Regular
15-11-2024,S005,P006,18,612.83,4.15,Premium
22-11-2024,S001,P006,83,,12.69,Premium
28-11-2024,S002,P004,,837.13,10.62,New
02-11-2024,S002,P001,2,535.9,4.06,Premium
13-11-2024,S003,P004,34,683.1,12.38,Regular
22-11-2024,,P002,20,1317.45,14.13,New
30-11-2024,S004,P004,80,1109.35,15.2,Regular
15-11-2024,S006,P002,93,,12.88,New
04-11-2024,S005,P002,1,,0.32,New
,S006,P004,84,585.31,11.57,New
04-11-2024,S001,P001,24,1104.38,2.2,Premium
06-11-2024,S005,P002,85,1180.64,16.38,Regular
11-11-2024,S003,P006,54,989.42,18.19,Premium
18-11-2024,S005,P008,64,1475.44,5.94,Regular
24-11-2024,S004,P003,53,1194.64,0.94,
12-11-2024,S002,P001,32,1428.69,8.8,Premium
25-11-2024,S005,,2,212.69,6.51,
,S001,P004,76,1399.78,16.4,Regular
15-11-2024,,P008,94,437.96,1.96,Premium
,S002,P003,1010,105.74,19.88,Regular
30-11-2024,S002,P001,8,1483.87,12.91,New
06-11-2024,,P002,26,1497.49,19.13,New
02-11-2024,S002,P006,70,1390.63,4.18,Regular
10-11-2024,S003,,61,872.92,15.87,New
,S003,P008,75,897.22,17.68,New
,S006,P004,39,1294.33,6,Premium
10-11-2024,S003,P004,29,674.2,17.21,New
01-11-2024,S005,P007,8,910.15,2.7,New
06-11-2024,S003,,98,1038.84,16.29,Regular
06-11-2024,S003,P007,32,1394.34,9.95,New
07-11-2024,S006,P007,31,839.77,18.83,Premium
22-11-2024,S004,P004,75,1117.71,,
19-11-2024,S004,P008,31,1184.66,6.87,Premium
,S001,P008,71,251.99,5.56,New
23-11-2024,S005,P004,3,701.51,7.34,New
03-11-2024,S003,P003,8,917.71,5.03,New
15-11-2024,S001,P001,41,308.8,6.19,
01-12-2024,S004,P003,88,630.61,15.82,New
29-11-2024,S005,P008,73,221.48,7,Premium
06-11-2024,S005,P008,75,482.09,18.31,Premium
27-11-2024,S003,P007,,145.52,16.02,Regular
16-11-2024,S003,P004,35,1009.56,9.23,Regular
24-11-2024,S003,P005,78,1153.9,19.06,
28-11-2024,S003,P002,48,794.77,,Regular
30-11-2024,S004,P006,66,643.67,3.45,Premium
26-11-2024,S005,P008,87,1255.56,7.67,Premium
09-11-2024,S006,P005,86,894.43,13.38,Regular
,S002,P004,27,,3.55,
21-11-2024,S004,P003,8,802.18,6.3,Premium
03-11-2024,S006,P003,48,413.82,0.85,New
19-11-2024,S001,P001,94,351.92,17.62,Premium
28-11-2024,S005,P004,8,,9.29,New
16-11-2024,S002,P004,16,365.05,19.29,New
12-11-2024,S005,P002,47,,17.13,New
03-11-2024,S004,P003,56,1071.56,6.22,Regular
15-11-2024,S001,P008,19,852.58,17.93,Regular
04-11-2024,S003,P006,8,1481.79,7.26,Regular
,S001,P001,26,181.83,6.36,Regular
19-11-2024,S006,P008,99,305.62,5.36,Premium
12-11-2024,S001,P008,99,924,3.38,Premium
07-11-2024,,P004,13,458.64,7.82,New
,S006,P002,9,915.45,,Premium
06-11-2024,S002,P005,13,968.53,,New
21-11-2024,,P004,28,340.01,1.96,New
,S004,,81,,17.41,New
09-11-2024,S002,P001,87,246.79,2.37,Regular
13-11-2024,,P006,53,860.36,14.95,New
19-11-2024,S002,P007,56,1252.91,11.12,Premium
03-11-2024,,P001,,722.72,8.73,Premium
17-11-2024,S001,P003,69,998.21,3,
20-11-2024,S004,P004,56,170.34,,Premium
11-11-2024,S003,P007,,1333.28,3.11,New
28-11-2024,S005,,92,1434.73,13.05,New
09-11-2024,S003,P003,56,1169.43,17.39,New
16-11-2024,S003,P005,70,515.23,11.82,Premium
14-11-2024,S001,P007,,1286.08,8.77,
27-11-2024,S003,P001,74,1206.75,15.58,Premium
05-11-2024,S003,P008,81,909.88,16.05,Regular
05-11-2024,S006,P005,22,577.18,,Premium
05-11-2024,S004,P001,64,1278.68,5.97,New
,S005,P003,,938.15,8.23,New
28-11-2024,S001,P001,,1327.67,6.33,
12-11-2024,S002,P008,83,1400.37,,
,S003,P004,47,411.34,,Premium
08-11-2024,S001,P006,58,236.43,12.98,New
03-11-2024,S001,,61,519.42,17.03,New
22-11-2024,S005,P008,55,909.97,13.36,Premium
21-11-2024,S005,,80,,11.56,Regular
12-11-2024,S002,P003,79,1115.2,19.16,New
29-11-2024,S003,P007,82,1017.93,1.62,New
20-11-2024,S003,P001,51,387.3,,Premium
19-11-2024,S001,P006,51,1187.94,19.98,
22-11-2024,,P006,28,902.91,14.45,Premium
23-11-2024,,,59,,17.81,Regular
23-11-2024,S003,P004,,917.88,3.24,Premium
04-11-2024,S006,P006,91,1225.52,19.11,New
08-11-2024,,P006,62,,,New
28-11-2024,S003,,70,573.83,18.58,Premium
20-11-2024,,P001,25,909.59,17.41,New
22-11-2024,S004,P006,76,,5.18,Regular
19-11-2024,S001,P001,,,10.27,
08-11-2024,S005,P008,92,133.13,1.55,Regular
,S002,P008,11,261.66,13.44,Regular
20-11-2024,S003,P002,44,898.5,8.05,Premium
13-11-2024,S003,P004,36,1052.26,18.6,New
03-11-2024,S005,,82,258.77,8.3,Regular
17-11-2024,S002,P008,90,235.73,19.11,
27-11-2024,,P006,,734.89,10.52,Regular
16-11-2024,S001,P007,28,915.49,2.28,Premium
,S003,,30,855.53,6.26,New
27-11-2024,S003,P001,,734.96,7.41,Premium
10-11-2024,S002,P006,20,,11.44,Premium
25-11-2024,S005,,80,676.01,0.39,Premium
10-11-2024,S006,P008,48,714.85,11.96,Premium
19-11-2024,S004,P003,84,1415.3,11.78,Regular
06-11-2024,S002,P008,55,1083.12,7.35,Regular
24-11-2024,S004,P005,49,1026.98,0.99,Regular
,S006,P004,,1299.13,8.29,New
27-11-2024,,P002,75,1390.71,6.52,New
24-11-2024,S004,P001,53,515.29,5.08,New
13-11-2024,S006,,89,998.33,11.06,Regular
22-11-2024,S003,P002,4,305.17,19.47,Regular
,S003,P003,42,1418.61,17.01,Regular
29-11-2024,S004,P005,65,1003.36,12.12,Premium
01-11-2024,S004,P001,1110,578.69,9.61,Regular
11-11-2024,S001,P006,63,102.29,3.11,New
13-11-2024,S002,P006,85,,13.8,Premium
02-11-2024,S002,P001,,859.35,7.74,Premium
,S006,P002,55,,0.18,New
28-11-2024,S001,P002,,1398.07,8.01,New
29-11-2024,S004,P008,72,632.22,6.43,Premium
28-11-2024,S002,P003,85,1255.91,10.6,
12-11-2024,S002,P004,35,1466.35,11.63,Premium
11-11-2024,S003,P006,,1397.66,8.68,New
04-11-2024,S001,P004,8,638.93,2.78,Premium
07-11-2024,S002,P008,1,1003.85,14.24,New
22-11-2024,,P004,38,1401.93,2.74,Regular
18-11-2024,S006,P005,84,1107.91,11.06,New
27-11-2024,S004,P006,19,979.73,12.58,Regular
23-11-2024,S001,P005,98,1063.61,5.34,Regular
30-11-2024,,P003,19,217.62,18.73,Premium
04-11-2024,S003,,67,1389.59,,Regular
26-11-2024,S002,P006,19,328.41,6.69,New
14-11-2024,S003,P004,59,1238.7,8.4,New
25-11-2024,S005,P008,37,436.75,14.75,Regular
,S005,P007,55,1106.84,13.21,New
25-11-2024,S001,P007,62,1430.4,9.7,Regular
05-11-2024,,P002,42,,6.35,New
28-11-2024,S001,P005,25,1193.15,17.64,Premium
11-11-2024,S002,,59,1204.12,8.13,Premium
29-11-2024,,,,904.88,7.89,Regular
14-11-2024,S002,P001,38,559.47,9.07,Premium
17-11-2024,S004,,38,,,Regular
07-11-2024,S005,,,1167.57,12.09,Regular
12-11-2024,S002,P004,60,982.25,5.32,Premium
,,P001,22,1100.19,17.33,New
28-11-2024,S005,P006,48,1219.58,17.03,New
16-11-2024,S003,P008,9,1251.9,18.03,New
25-11-2024,S001,P008,5,569.09,19.48,Regular
21-11-2024,S002,P008,13,547.97,2.94,New
30-11-2024,S004,P007,65,1370.01,9.65,New
18-11-2024,S003,P002,12,627.28,12.59,Premium
19-11-2024,S006,P006,25,767.8,19.08,
02-11-2024,S005,P008,26,734.5,17.89,Regular
26-11-2024,S005,P005,36,246.25,18.55,Regular
11-11-2024,S003,P001,44,1160.64,9.53,New
17-11-2024,S002,P006,26,1086.47,8.41,New
30-11-2024,S004,P007,99,1324.92,10.07,Premium
21-11-2024,S001,P006,83,564.25,1.92,New
23-11-2024,S004,P002,24,1025.59,10.9,New
07-11-2024,S004,P005,10,196.87,12.15,
24-11-2024,S006,P004,36,662.69,3.98,Regular
29-11-2024,S002,P008,75,226.17,11.95,
08-11-2024,S006,P004,93,979.46,5.76,New
27-11-2024,S002,,1,1456.08,14.63,
27-11-2024,S002,P006,31,1442.4,8.02,Regular
26-11-2024,S002,P003,82,919.26,8.56,New
11-11-2024,S004,P002,100,413.93,14.56,Premium
08-11-2024,S003,P007,76,843.57,6.69,Regular
20-11-2024,S004,P003,1,,16.38,Premium
20-11-2024,S001,P005,85,1005.54,,Premium
03-11-2024,S005,P003,86,493.02,,Premium
29-11-2024,,P005,31,197.49,,Premium
03-11-2024,S001,P008,1100,1442.95,19.01,New
07-11-2024,S006,P002,5,799.18,14,Regular
03-11-2024,S001,P005,56,279.65,16.88,Premium
28-11-2024,S003,P007,7,777.24,18.4,New
19-11-2024,S005,,73,1107.4,2.9,New
26-11-2024,S002,P003,33,404.05,9.39,Regular
,S005,,,1377.13,3.53,Premium
,S005,P005,21,430.18,9.56,Premium
02-11-2024,S006,P003,53,283.58,16.54,Premium
12-11-2024,S006,,15,444.7,,
27-11-2024,S005,P004,40,698.49,16.81,New
07-11-2024,S004,P004,42,1167.45,19.48,Premium
17-11-2024,S002,P002,27,241.38,19.49,
04-11-2024,S006,P006,72,770.75,11.1,New
30-11-2024,S006,P001,87,321.5,,New
21-11-2024,,P005,96,1185.29,18.67,Regular
20-11-2024,S002,P003,8,442.29,1.87,New
05-11-2024,S005,P008,71,456.69,2.18,New
27-11-2024,S002,P008,44,1226.71,,New
17-11-2024,S006,P002,47,967.95,18.08,
13-11-2024,S006,P004,48,1170.54,13.16,Regular
22-11-2024,S005,P002,52,166.65,10.72,Regular
20-11-2024,,P005,47,795.66,,Regular
23-11-2024,S005,P006,34,111.55,15.41,Premium
03-11-2024,,P002,,666.01,4.93,Premium
03-11-2024,S001,P007,86,1284.75,10.53,Regular
14-11-2024,,P008,62,1084.36,15.44,Premium
08-11-2024,S002,P008,98,1450.42,11.83,New
01-11-2024,S005,P008,93,946.35,16.37,
01-11-2024,S003,P002,92,1003.62,,Premium
,S004,P004,27,331.14,18.37,New
26-11-2024,,P005,29,1032.06,19.22,Premium
16-11-2024,S006,P008,,939.93,16.64,Regular
01-12-2024,S001,P007,25,588.96,19.7,Regular
25-11-2024,S006,P007,77,,8.47,Premium
,S006,,14,644.73,8.37,Premium
20-11-2024,S006,,35,512.28,2.72,Premium
06-11-2024,S002,P005,11,1094.63,5,Regular
07-11-2024,S001,P003,59,246.14,2.4,Premium
12-11-2024,S006,P005,55,,8.87,Premium
,S003,,,1215.8,4.71,New
27-11-2024,,P004,45,,11.12,Premium
,S002,P002,21,1468.97,15,Regular
15-11-2024,S003,P003,44,966.99,4.22,
,S002,P007,16,550.22,19.66,Regular
16-11-2024,S002,P005,60,445.74,5.49,
28-11-2024,S003,P001,77,,13.03,Regular
03-11-2024,,P008,82,1289.1,,Regular
29-11-2024,S005,P008,,371.11,9.84,Premium
14-11-2024,S005,P007,1,335.13,11.77,New
15-11-2024,S006,P002,47,954.68,18.62,Premium
08-11-2024,S004,P001,96,1051.49,15.06,Regular
01-11-2024,S001,P001,16,941.45,12.74,New
26-11-2024,S003,P002,70,1196.37,14.64,
15-11-2024,,P006,84,511.98,10.36,New
20-11-2024,S003,P008,29,943.04,18.25,Regular
,S004,P001,98,598.3,17.25,New
25-11-2024,S003,P006,44,923.12,10.47,Premium
,S006,,48,1163.76,17.01,Regular
28-11-2024,S005,,61,1003.3,,Regular
11-11-2024,S005,P004,90,1057.96,14.21,New
29-11-2024,S005,P003,,815.82,2.45,Regular
04-11-2024,S005,P005,1123,1410.69,14.48,Regular
01-12-2024,S002,P001,85,245.11,0.9,Premium
07-11-2024,S003,P005,65,955.88,3.64,Regular
05-11-2024,S004,P008,77,1064.36,7.19,Regular
11-11-2024,S006,,97,478.75,13.28,New
29-11-2024,S002,P006,,931.06,19.82,Premium
01-12-2024,,,75,1040.85,5.86,New
05-11-2024,S003,P002,,1440.91,6.18,New
19-11-2024,S002,P002,,160.36,19.87,New
13-11-2024,S006,P003,8,877.6,4.16,Premium
17-11-2024,S002,P008,,146.88,13.45,Premium
15-11-2024,S001,P002,7,404.06,17.82,New
,S006,P008,31,1415.12,15.56,Regular
20-11-2024,S002,,5,1109.79,1.02,Premium
08-11-2024,S006,,65,556.9,19.55,Premium
18-11-2024,S006,P002,84,1430.23,12.11,Regular
04-11-2024,,P006,76,,16.24,Premium
25-11-2024,S002,P005,92,520.61,16.37,Premium
11-11-2024,S004,P002,37,,0.92,Regular
13-11-2024,S002,,65,974.72,19.07,New
08-11-2024,S006,P004,42,123.11,,Premium
24-11-2024,,P006,53,1362.77,3.92,Premium
07-11-2024,S005,P006,21,541.7,10.67,Premium
29-11-2024,,P007,41,335.69,9.69,Regular
24-11-2024,S006,P007,91,337.14,,Regular
30-11-2024,S004,P003,93,1264.79,13.86,
01-11-2024,S004,P002,51,249.32,19.8,Premium
01-12-2024,S003,P002,,,7.89,New
20-11-2024,S003,P003,,365.54,15.17,Premium
28-11-2024,S002,,33,1248.95,8.18,Regular
06-11-2024,S001,P008,49,423.82,,New
14-11-2024,S003,P002,,,18.24,Regular
10-11-2024,S006,P004,3,892.21,2.57,Premium
,S006,P008,11,680.31,4.59,
22-11-2024,S001,,0,1371.52,4.3,New
30-11-2024,S001,,60,953.56,19.57,Premium
14-11-2024,S003,P006,9,855.75,17.23,New
18-11-2024,,P001,72,,6.78,Regular
01-12-2024,S003,P008,71,286.89,8.73,Regular
27-11-2024,S003,P006,33,702.19,1.26,Premium
,S001,P005,13,647.72,,Regular
26-11-2024,S006,P007,65,1081.5,3.42,Regular
29-11-2024,S004,P001,71,110.7,12.15,New
26-11-2024,S006,P001,14,219.72,13.53,Regular
23-11-2024,S004,P002,81,823.64,1.22,New
20-11-2024,S003,P005,87,868.52,16.4,Premium
28-11-2024,S006,P006,19,1141.85,5.28,Regular
24-11-2024,S001,P006,,334.31,17.83,
01-12-2024,S001,P002,24,994.79,3.51,New
19-11-2024,S006,P004,85,603.42,6.68,Premium
04-11-2024,S003,P001,2,169.12,10.01,Regular
20-11-2024,S004,P002,85,1289.36,0.34,
07-11-2024,,P005,63,642.34,12.6,Premium
07-11-2024,S005,P005,49,,15.5,Regular
,S004,P003,13,911.37,11.69,New
30-11-2024,S006,P001,18,509.2,18.63,Premium
28-11-2024,S002,P005,8,1299.4,11.69,
12-11-2024,S003,P006,90,298.75,1.1,
11-11-2024,,P003,71,308.14,13.45,Premium
20-11-2024,S005,,38,467.52,12.48,New
26-11-2024,S006,P008,79,1375.02,6.34,
21-11-2024,S001,P007,80,174.84,17.7,Regular
20-11-2024,S002,P007,89,422.5,19.71,Premium
17-11-2024,S004,P007,55,1223.48,9.84,Premium
13-11-2024,S005,P001,47,,3.81,Premium
11-11-2024,S005,P007,,978.24,0.17,New
28-11-2024,S003,P007,65,1390.5,3.17,Regular
14-11-2024,S006,,98,1383.85,1.64,New
16-11-2024,S004,,,732.37,6.96,Regular
04-11-2024,S001,P008,29,511.41,9.65,Regular
28-11-2024,S005,P006,6,110.73,4.46,Regular
17-11-2024,S004,P004,97,1355.91,4.97,New
28-11-2024,S004,P007,1,622.57,5.85,New
30-11-2024,S002,P005,91,551.43,2.46,Premium
19-11-2024,S005,P008,54,1287.05,7.82,New
05-11-2024,,P005,34,659.76,15.73,
08-11-2024,S006,P007,70,1265.18,,Premium
14-11-2024,S005,P007,24,638.79,14.46,New
01-11-2024,S002,P005,63,1490.84,3.94,Regular
23-11-2024,S003,P004,64,1201.09,,Regular
25-11-2024,S002,P001,,547.52,7.44,New
07-11-2024,S002,P008,26,251.65,18.45,Regular
22-11-2024,,P001,30,874.13,11.19,Regular
,S002,P005,22,1323.43,13.51,New
01-12-2024,S001,P001,83,583.37,13.15,New
11-11-2024,S004,P005,92,1076.33,11.08,New
,S002,P004,70,1292.07,10.78,Premium
25-11-2024,S001,P006,91,1464.75,17.78,Premium
17-11-2024,S003,P005,12,701.45,,
26-11-2024,S005,P003,5,794.68,,New
26-11-2024,S001,P008,23,1051.35,13.31,Premium
19-11-2024,S005,P007,38,623.65,1.72,Premium
14-11-2024,S005,P006,95,719.78,15.25,Regular
25-11-2024,S004,P005,21,782.73,16.72,Regular
15-11-2024,,P008,5,999.1,5.13,
28-11-2024,S002,P001,25,464.06,9.5,New
08-11-2024,S003,P007,66,455.14,12.39,New
24-11-2024,S002,P005,92,1332.05,7.81,New
28-11-2024,S003,P003,1171,657.68,,New
27-11-2024,,P006,37,941.86,8.17,Regular
17-11-2024,S001,P003,3,1202.61,19.21,Regular
13-11-2024,S003,P002,95,705.18,9.8,New
16-11-2024,S003,P008,,1486.82,11.79,New
13-11-2024,,P008,91,1016.52,9.56,Premium
,S002,P004,25,774.58,2.82,New
01-11-2024,S004,,67,435.16,18.33,New
20-11-2024,S002,P004,,,0.73,Premium
26-11-2024,S006,P001,39,257.74,7.76,Premium
15-11-2024,S006,P001,69,494.02,14.42,New
18-11-2024,,P004,,,3.77,Regular
19-11-2024,S006,P004,62,792.65,16.54,Premium
02-11-2024,S006,P004,18,1353.2,18.21,New
30-11-2024,S004,P003,93,1356.9,6.02,Premium
,S001,P008,82,100.99,14.45,New
,S006,P005,18,144.09,19.23,New
14-11-2024,S006,P006,75,1419.86,1.33,New
04-11-2024,S004,P005,92,,5.21,Premium
19-11-2024,S004,P008,,773.96,0.35,Regular
08-11-2024,S002,P003,20,377.87,10.95,New
11-11-2024,S002,P004,67,783.63,18.8,New
10-11-2024,S006,P003,97,123.76,8.9,New
21-11-2024,S002,P002,27,408.19,13.26,Premium
17-11-2024,,,99,730.21,16.6,New
01-12-2024,S004,P008,47,168.25,17.43,Premium
01-11-2024,S005,P002,36,1351.81,9.65,New
19-11-2024,S002,P003,73,406.96,11.16,New
22-11-2024,,P005,3,1472.07,13.23,Regular
08-11-2024,S003,P002,25,1099.48,5.08,Regular
25-11-2024,S006,P004,83,301.53,3.51,Regular
11-11-2024,S005,P006,17,,16.64,Premium
04-11-2024,,,4,691.86,15.09,New
27-11-2024,S001,P002,32,371.6,0.9,Premium
12-11-2024,S005,P007,75,749.6,18.01,New
18-11-2024,S006,P002,70,672.19,3.54,New
10-11-2024,,,99,413.23,12.34,New
01-11-2024,S002,P002,60,670.69,0.56,New
20-11-2024,S003,P004,1875,552.09,0.76,Regular
15-11-2024,S001,P007,64,215.13,3.29,Regular
01-11-2024,S002,P008,83,181.59,11.92,Premium
17-11-2024,S002,P005,100,,,
06-11-2024,S002,P002,70,1196.35,,Premium
26-11-2024,S002,P004,26,146.67,17.16,Regular
,S004,,94,499.57,,Premium
03-11-2024,S004,P003,14,856.96,14.87,Premium
19-11-2024,S001,P006,25,659.63,16.85,New
05-11-2024,S004,,57,321.72,8.96,New
15-11-2024,S006,,12,863.63,19.18,Regular
16-11-2024,S004,P002,15,189.24,5.56,Premium
17-11-2024,S004,P002,84,1087.62,10.97,New
28-11-2024,S004,,,1342.53,,Regular
02-11-2024,S003,P003,7,384.63,11.65,New
19-11-2024,S004,P007,85,1228.59,,New
10-11-2024,S001,P002,40,436.47,15.65,Regular
12-11-2024,S003,P002,56,264.1,19.49,Premium
29-11-2024,S001,P007,65,686.4,3.09,New
08-11-2024,S005,,29,1468.56,12.12,Premium
18-11-2024,S001,P002,19,1166.7,7.14,
01-11-2024,S003,P006,85,1224.91,17.97,Regular
28-11-2024,S006,P006,52,614.75,10.72,Premium
14-11-2024,,P004,8,,2.78,
11-11-2024,S006,P004,40,236.37,8.59,Regular
01-11-2024,S005,P005,79,1461.48,16.81,Regular
05-11-2024,S003,P001,62,181.34,13.08,New
18-11-2024,S006,P007,23,578.77,,New
09-11-2024,S002,P002,8,1050.44,4.16,New
07-11-2024,S001,P008,72,1037.6,,Premium
10-11-2024,S001,P004,66,1479.12,3.67,New
08-11-2024,S002,P008,78,1103.3,5.74,Premium
22-11-2024,S006,P004,37,,3.91,Regular
27-11-2024,S006,P005,99,1013.86,9.27,
04-11-2024,S003,P002,60,501.94,4.83,New
10-11-2024,S002,P002,12,1451.58,5.47,Premium
23-11-2024,S003,P006,,220.11,,Regular
09-11-2024,S005,P001,60,925.1,17.54,Premium
07-11-2024,S005,P004,14,1350.57,8.87,New
07-11-2024,S001,P006,,702.72,13.91,New
18-11-2024,,,31,978.73,15.67,New
05-11-2024,S005,P005,41,1349.22,5.14,Premium
09-11-2024,S004,P007,64,801.59,3.96,Regular
09-11-2024,S005,P008,,570.4,10.19,New
13-11-2024,S004,P005,100,912.97,7.46,New
,S003,P002,16,690.93,5.51,Regular
28-11-2024,S003,P003,86,1030.44,5.07,
,S003,,39,421.25,10.34,New
29-11-2024,S001,P005,9,1160.99,18.47,New
01-11-2024,S004,P004,6,358.91,14.19,Premium
06-11-2024,S005,,91,126.18,14.46,Regular
07-11-2024,S004,P008,25,1032.34,8.21,
26-11-2024,S003,P002,11,,9.57,New
19-11-2024,S002,P002,8,1330.9,7.4,Regular
14-11-2024,S002,P003,70,598.69,2.75,New
28-11-2024,S003,P005,59,1451.14,0.83,Premium
27-11-2024,S005,P001,,930.44,6.22,Regular
18-11-2024,,P002,,605.95,0.51,New
16-11-2024,S002,P007,,,14.84,Regular
14-11-2024,S002,P006,57,859.54,,Premium
01-11-2024,S006,P003,46,868.71,8.57,Premium
11-11-2024,S006,P007,41,,,Premium
01-11-2024,S004,P003,31,794.81,16.92,New
10-11-2024,S002,P008,99,,19.22,Regular
26-11-2024,S002,P008,52,622.82,18.25,New
18-11-2024,S001,P008,94,488.22,3.08,New
25-11-2024,S006,P003,70,529.78,17.84,Premium
26-11-2024,,P006,0,573.65,4.97,Premium
23-11-2024,,P005,35,547.5,14.03,Premium
02-11-2024,S001,P005,41,154.28,18.26,Regular
16-11-2024,S001,P004,64,861.08,3.54,New
05-11-2024,S003,,4,415.6,16.99,Regular
07-11-2024,S003,P003,89,,14.7,Premium
06-11-2024,,P007,79,1316.05,18.51,Regular
27-11-2024,S003,P004,8,899.17,19.72,Premium
18-11-2024,,P003,81,757.06,15.57,New
05-11-2024,S002,P004,30,990.71,1.09,Premium
15-11-2024,S004,P001,8,289.94,3.07,Regular
,S004,P007,63,1440.19,,Regular
17-11-2024,S006,P002,13,106.06,9.07,Premium
29-11-2024,S002,P008,4,,13.4,Premium
05-11-2024,S001,P005,83,1126.82,12.14,Premium
01-11-2024,S003,P006,64,249.38,7.28,Regular
11-11-2024,S006,P004,57,930.72,,Regular
05-11-2024,S001,,73,1024.32,13,New
12-11-2024,S006,P007,65,347.17,0.41,New
12-11-2024,S003,,27,420.16,2.44,Premium
01-11-2024,S006,P008,14,261.55,12.72,New
07-11-2024,S006,,36,685.17,3.14,New
30-11-2024,S005,P006,,681.24,,Premium
08-11-2024,S003,P004,26,,4.42,
05-11-2024,S005,P005,,1369.52,15.96,Regular
20-11-2024,S006,P008,21,1171.13,16.5,New
10-11-2024,S006,P002,73,1414.54,1.9,Regular
01-12-2024,S005,P004,54,1183.86,12.98,Premium
10-11-2024,S003,P001,24,1307.03,18.62,New
06-11-2024,S006,P004,42,168.48,,New
01-11-2024,S002,P007,6,1439.48,18.17,Premium
29-11-2024,S002,P004,22,,1.31,New
27-11-2024,S005,P004,43,1166.79,,Premium
30-11-2024,S001,P003,,736.49,10.78,New
,S001,,76,,4.94,New
09-11-2024,,P006,92,663.52,7.95,Regular
30-11-2024,S005,P003,73,140.24,13.91,Regular
24-11-2024,S006,P007,25,1120.47,17.35,Regular
21-11-2024,S005,P007,100,1298.84,18.05,New
24-11-2024,S005,P007,87,,3.59,Premium
,S001,P002,37,466.97,7.56,Premium
09-11-2024,S006,P002,57,1432.67,2.76,Premium
18-11-2024,S002,P003,11,499.27,15.81,Regular
26-11-2024,S002,P006,,515.61,2.45,New
27-11-2024,S004,P003,74,553.09,14.05,New
,S002,,26,1030.91,16.48,Premium
02-11-2024,S004,,24,184.68,3.75,Premium
29-11-2024,S003,P007,79,1425.32,0.49,Premium
18-11-2024,S004,,55,,18.19,Regular
29-11-2024,S001,P004,45,381.24,13.8,New
26-11-2024,S006,P007,1,,1.54,New
,S005,P003,,1453.44,18.69,Regular
27-11-2024,S004,P003,11,1199.4,,Premium
02-11-2024,S001,P006,35,462.19,9.34,Premium
14-11-2024,S001,,27,,,New
03-11-2024,S001,P008,19,857.57,1.04,New
17-11-2024,S005,P008,6,1392.32,15.17,Regular
01-11-2024,S005,P005,,271.16,14.42,Premium
21-11-2024,S006,P006,38,102.93,0.36,New
26-11-2024,S005,P004,22,187.46,10.62,Regular
17-11-2024,,P004,95,,9.79,
13-11-2024,S003,P006,84,339.9,14.96,Premium
01-12-2024,S001,P003,45,904.94,19.93,Premium
13-11-2024,S005,P007,11,309.24,10.15,New
,S002,P001,7,527.37,13.43,New
12-11-2024,,P001,84,946.74,0.95,New
13-11-2024,S005,P002,85,982.16,12.24,New
27-11-2024,S006,P007,34,1207.93,6.46,Regular
07-11-2024,S004,P006,84,489.84,1.57,Regular
03-11-2024,S004,P007,6,853.86,13.89,Premium
13-11-2024,S006,P001,58,608.42,3.11,
14-11-2024,S006,P006,56,1366.23,19.07,Premium
14-11-2024,S006,P006,57,922.85,9.28,Regular
24-11-2024,S003,P005,11,514.91,7.84,Regular
22-11-2024,S002,P008,79,1294.72,5.08,Premium
,S005,,23,215.89,0.35,
11-11-2024,S005,P005,25,262.87,11.53,New
07-11-2024,S006,P006,,451.86,2.75,New
15-11-2024,S001,P004,81,138.54,1.71,New
03-11-2024,,P001,,440.23,5.23,Premium
,S006,P008,48,,4.86,New
20-11-2024,S002,P004,2,1309.94,2.2,
20-11-2024,S005,P004,85,,7.17,Regular
01-12-2024,S005,P008,23,1105.01,,
11-11-2024,S004,P004,41,,17.81,Premium
30-11-2024,S001,P002,24,1254.81,5.1,Premium
12-11-2024,S004,P006,97,1112.08,13.67,Premium
02-11-2024,S006,P002,70,1463.54,15.22,Premium
03-11-2024,,P006,94,1324.47,12.33,New
13-11-2024,S006,P001,27,797.71,2.23,Regular
21-11-2024,S003,P005,62,397.81,9.52,
21-11-2024,S002,,95,1076.13,,New
22-11-2024,S005,P001,0,380.87,1.2,Regular
14-11-2024,S006,P006,1,686,2.03,Regular
29-11-2024,S002,P004,73,,7.33,New
25-11-2024,S005,P003,65,1162.07,9.11,
13-11-2024,S002,P003,68,285.75,4.6,
17-11-2024,S005,P003,48,1211.75,1.81,New
07-11-2024,S005,P008,,1380.99,6.67,
,S001,P008,99,553.82,6.15,Regular
27-11-2024,S003,P007,69,1237.17,17.42,Regular
03-11-2024,S005,,40,1009.38,0.05,New
05-11-2024,S006,P008,7,380.34,10.45,New
29-11-2024,S005,P002,0,1322.42,6.21,Premium
20-11-2024,S004,P002,81,463.87,18.1,New
,,P005,39,930.75,17.52,Premium
06-11-2024,S001,P001,,1472.33,18.81,New
22-11-2024,S004,,14,590.77,2.8,Premium
26-11-2024,,P004,,320.78,3.59,Premium
02-11-2024,S006,P003,,176.87,5.87,Premium
30-11-2024,S002,P008,,924.08,1.32,Premium
15-11-2024,S004,P005,20,302.53,15.01,Regular
,S004,P004,37,1261.23,9.36,Regular
03-11-2024,S005,P001,34,1084.35,12.14,Regular
27-11-2024,S002,,55,,0.42,New
10-11-2024,S003,P004,22,193.05,5.78,New
,S005,P001,54,1277.64,8.66,
01-11-2024,S001,P005,15,1129.01,4.01,Regular
10-11-2024,S002,P001,86,269.64,17.7,Regular
11-11-2024,S005,P004,33,549.78,17.9,New
10-11-2024,S005,P003,100,585.1,6.06,New
06-11-2024,S005,P007,31,562.19,19.94,New
,S003,P004,62,1478.48,1.86,
11-11-2024,S006,P007,35,246.46,19.44,New
22-11-2024,S006,P008,41,1044.23,16.6,Regular
27-11-2024,S006,P007,31,113.21,19.61,Premium
,S002,P006,84,776.51,5.26,
19-11-2024,S006,P004,7,1018.85,,New
08-11-2024,S004,,86,1452.91,2.87,Premium
10-11-2024,S002,P006,100,120.75,16.34,Premium
08-11-2024,,P003,9,1184.98,6.33,Regular
29-11-2024,S002,P005,8,1425.13,5.65,Premium
05-11-2024,S004,P007,94,343.41,1.61,Premium
,S006,P007,2,,8.85,Regular
09-11-2024,S005,P007,13,999.55,8.35,Premium
02-11-2024,S004,P006,60,974.29,6.61,Premium
24-11-2024,,P003,44,493.01,7.06,New
28-11-2024,S003,P002,22,,5.91,Premium
06-11-2024,S006,P002,20,640.65,15.3,Regular
30-11-2024,S006,P002,45,880.34,9.62,Premium
08-11-2024,,P002,100,,5.66,New
10-11-2024,S003,P003,44,814.72,,Regular
09-11-2024,S002,P008,23,788.83,9.6,New
03-11-2024,S001,P001,59,1084.5,11.42,Premium
11-11-2024,S002,,27,277.46,15.53,Regular
24-11-2024,S005,P004,76,673.35,12.71,New
21-11-2024,S005,,,1018.93,16.65,Premium
30-11-2024,S004,P004,37,596.68,17.43,New
03-11-2024,S001,P006,11,1114.79,15.04,New
27-11-2024,S005,P001,15,460.88,1.96,New
,S002,P007,65,,11.22,Regular
07-11-2024,S002,P008,92,275.59,8.11,Regular
24-11-2024,S006,P008,67,656.72,4.95,Premium
,S005,P007,46,,12.35,
16-11-2024,S002,P003,72,859.85,4.47,Regular
10-11-2024,S006,P007,86,403.07,,New
12-11-2024,S004,P007,28,421.54,18.25,New
02-11-2024,S006,P001,30,993.4,11.8,Premium
11-11-2024,S003,P005,89,728.9,19.63,Premium
04-11-2024,S005,P003,15,1040.7,2.42,Regular
25-11-2024,S004,P007,65,,13.17,
03-11-2024,S006,P008,16,536.57,8.85,
,S005,P008,18,981.14,2.5,Premium
28-11-2024,S005,P005,63,1008.65,2.97,Regular
23-11-2024,S006,P005,8,1234.55,9.36,Regular
09-11-2024,S003,P003,,830.63,1.94,Regular
,S005,P005,60,413.6,0.24,Regular
,S006,P003,98,594.26,15.52,Regular
08-11-2024,S002,P001,10,1289.26,7.5,Regular
28-11-2024,S002,P002,2,1194.12,8.6,Premium
03-11-2024,S006,P008,,1446.79,17.16,Premium
01-12-2024,S001,P004,,751.6,,New
24-11-2024,S002,P004,54,,10.26,New
08-11-2024,,P002,43,896.8,13.42,Regular
11-11-2024,S003,P007,,144.9,12.7,New
24-11-2024,S006,P004,87,662.25,11.76,New
05-11-2024,S001,P001,58,290.45,5.35,Premium
28-11-2024,S004,P005,63,726.7,19.23,Premium
30-11-2024,S002,P006,89,869.71,,Regular
18-11-2024,S005,P006,44,1119.18,18.89,
25-11-2024,S005,P002,40,611.26,4.59,New
,S005,P004,69,942.91,4.24,Premium
21-11-2024,S002,P007,88,1045.94,,Premium
10-11-2024,S001,P005,41,1004.24,7.54,New
26-11-2024,S003,P008,100,302.88,9.04,Premium
02-11-2024,S004,,6,1094.46,11.41,New
27-11-2024,S006,P003,78,636.93,4.83,Premium
19-11-2024,S006,P003,79,229.83,16.23,Regular
,S004,P004,,334.91,9.11,New
27-11-2024,S002,,23,1245.89,,New
23-11-2024,S004,P002,92,1360.56,8.74,New
05-11-2024,S002,P008,70,570.18,9.68,Regular
25-11-2024,S004,P006,54,1329.48,6.9,New
13-11-2024,S003,P003,16,889.85,17.9,New
27-11-2024,S002,P008,84,172.16,3.68,Premium
03-11-2024,S003,P005,79,709.78,7.96,New
09-11-2024,S001,P006,38,1064.65,6.71,New
18-11-2024,S005,P002,71,,3.44,Premium
27-11-2024,S004,P004,58,444.95,15.25,New
18-11-2024,S006,P002,15,1069.5,2.53,New
02-11-2024,S005,P005,91,135.64,18.39,New
07-11-2024,S001,P005,,806.52,6.55,
25-11-2024,S003,P005,,159.39,,Premium
14-11-2024,S002,P003,63,713.62,17.67,Regular
30-11-2024,S006,P006,16,207.8,,Regular
10-11-2024,S003,P008,,1262.59,14.19,New
23-11-2024,S001,P003,88,311.26,18.2,New
07-11-2024,S001,P007,61,816.03,11.32,New
03-11-2024,,P006,,,15.77,New
07-11-2024,S003,,10,209.75,10.45,Regular
17-11-2024,S004,P005,33,,16.14,New
01-12-2024,S006,P001,69,638.57,10.55,
17-11-2024,S003,P007,16,1355.21,15.4,
,S006,P008,,657.03,10.83,Regular
25-11-2024,S005,P004,86,489.85,4.07,Premium
18-11-2024,S006,P006,19,624.49,2.08,Premium
05-11-2024,S006,P006,91,1087.19,5.54,Premium
21-11-2024,,P002,66,,4.25,New
09-11-2024,S002,P003,22,1151.46,2.82,New
16-11-2024,S001,,,,6.87,
27-11-2024,S004,P008,11,1119.88,17.5,Regular
,S003,P003,58,415.79,8.69,Premium
,S005,P008,63,729.4,5.16,New
15-11-2024,S002,,,1097.55,0.27,Premium
03-11-2024,S005,P001,86,1033.8,19.94,Regular
,S003,P003,56,134.97,16.5,New
16-11-2024,S006,P004,13,171.57,10.12,New
11-11-2024,S003,P003,65,1173.56,7.86,Premium
27-11-2024,S001,P004,67,725.15,19.93,New
14-11-2024,,P002,91,1386.19,10.06,Premium
20-11-2024,S002,P002,19,284.45,7.91,Regular
07-11-2024,S002,P001,41,1152.5,1.07,
,S001,P003,6,272.06,7.49,Regular
13-11-2024,S003,P007,51,1070.58,7.74,
01-12-2024,S003,P005,,1453.58,5.63,Regular
04-11-2024,,P008,2,355.85,0.97,Premium
25-11-2024,S006,P005,51,1097.21,19.3,New
09-11-2024,S003,P005,,1122.05,10.85,New
12-11-2024,S004,P004,27,1120.51,4.18,
07-11-2024,,P002,3,607.62,19.11,New
,S004,P007,20,1190.99,5.41,Regular
,S005,P007,62,585.44,0.23,New
,S006,P004,25,1318.14,,Regular
22-11-2024,S004,P002,38,564.52,1.23,Regular
17-11-2024,S002,P001,4,1199,10.94,Regular
27-11-2024,S004,P003,9,846.35,19.52,Regular
,S002,P001,43,310.04,1.56,Premium
26-11-2024,S001,P004,,441.6,7.61,Premium
16-11-2024,S005,P004,54,703.01,13.22,New
18-11-2024,S006,P008,11,401.13,13.41,Regular
02-11-2024,S001,P005,49,1333.22,9.56,
11-11-2024,S002,P008,14,843.72,6.76,Premium
22-11-2024,S005,P007,24,,11.21,Regular
01-11-2024,S005,P006,48,1338.57,16.24,New
03-11-2024,,P003,,1396.19,2.3,
17-11-2024,S004,P005,15,1489.05,0.94,
14-11-2024,S004,P003,15,226.8,7.46,New
04-11-2024,S005,P004,51,721.73,13.12,Premium
03-11-2024,S001,P002,47,189.4,1.17,New
,S003,P008,87,143.73,1.98,Premium
23-11-2024,,P003,3,174.4,19.28,Regular
04-11-2024,S003,P001,62,1407.43,0.36,Premium
,S003,P003,62,1278.99,8.49,Premium
24-11-2024,S002,P008,100,1449.66,3.16,Premium
06-11-2024,S003,,26,1391.5,3.92,Regular
09-11-2024,S003,P005,8,1313.53,0.92,Regular
07-11-2024,S005,P008,10,452.93,14.56,Regular
01-12-2024,S003,P004,18,1472.78,9.5,Premium
08-11-2024,S004,P007,,586.9,13.26,New
20-11-2024,S005,P002,33,,12.96,Regular
14-11-2024,S004,P001,10,287.46,6.69,New
15-11-2024,,P002,17,806.26,,Premium
12-11-2024,S004,P003,54,206.78,17.38,Premium
,S002,P007,38,908.29,0.71,
02-11-2024,S003,P004,62,1008.99,9.92,New
16-11-2024,S004,P008,97,1445.86,7.2,Premium
12-11-2024,S006,P007,15,440.25,3.62,Regular
22-11-2024,,P008,16,292.17,,Premium
08-11-2024,S002,P004,47,584.29,19.7,Regular
13-11-2024,S003,P006,73,1225.17,0.7,Regular
19-11-2024,S004,P007,14,282.22,6.15,Regular
18-11-2024,S004,P004,35,350.7,13.67,Premium
11-11-2024,S003,P006,9,1130.1,17.49,Regular
28-11-2024,S005,,63,165.26,,Regular
10-11-2024,S003,P005,70,1337.2,15.93,New
,S003,P006,35,1137.07,8.66,New
29-11-2024,S003,P004,13,1394.28,9.72,New
18-11-2024,S005,P008,57,555.68,10.69,New
26-11-2024,S001,P002,,1299.27,0.17,New
20-11-2024,S004,P002,23,1380.25,18.15,Premium
,S006,P001,59,1373.13,9.32,Regular
26-11-2024,,P003,23,239.91,18.05,New
06-11-2024,S001,P004,35,1455.83,2.59,Premium
06-11-2024,S006,P007,98,1147.34,19.84,Regular
23-11-2024,S002,P002,76,1498.36,12.73,New
23-11-2024,S003,P008,15,658.27,11.09,New
02-11-2024,,P007,79,815.71,4.79,Premium
30-11-2024,S005,P001,87,637.04,7.34,Premium
,S002,P006,,1324.34,12.29,Regular
12-11-2024,S003,P005,53,,2.34,Premium
21-11-2024,S004,P004,65,367.42,16.8,Regular
10-11-2024,S004,P006,97,298.23,12.1,New
28-11-2024,S004,P006,14,1395.42,,Regular
17-11-2024,S004,P007,97,,14.78,New
22-11-2024,S005,,61,323.35,8.01,New
01-11-2024,S003,P002,90,318.89,16.42,
09-11-2024,S005,,79,257.15,0.13,Premium
12-11-2024,S004,P005,99,1321.88,17.91,New
15-11-2024,S001,P007,24,202.47,8,Premium
27-11-2024,S004,P006,50,997.04,9.69,
07-11-2024,S006,P003,59,300.86,0.51,Premium
04-11-2024,S003,P008,98,851.29,2.63,Premium
20-11-2024,S006,P002,60,228.28,3.31,Regular
16-11-2024,,P001,72,682.72,3.05,Regular
01-11-2024,S003,P002,,,,Premium
,S006,P007,7,1343.29,8.45,New
23-11-2024,S003,P006,60,1126.76,15.92,New
09-11-2024,S006,P006,68,849.1,11.87,
05-11-2024,S002,P008,27,,3.78,New
21-11-2024,S005,P001,53,473.36,17.62,Premium
,S002,P006,92,1383.49,2.03,Premium
11-11-2024,S004,P006,,386.3,,Regular
06-11-2024,,P003,12,1420.78,6.74,Regular
02-11-2024,S002,P002,12,679.2,17.21,Regular
13-11-2024,S004,P007,75,1373.03,5.47,Premium
,S005,P004,43,1303.55,3,Regular
24-11-2024,S002,P005,13,1390.88,11.16,Regular
03-11-2024,S005,P002,89,418.98,12.41,New
25-11-2024,S004,P008,,1103.76,0.37,Regular
01-11-2024,,P002,96,903.62,8.34,Premium
22-11-2024,S002,P004,43,1437.16,,
23-11-2024,S002,P007,7,900.5,1.17,New
01-11-2024,S001,,10,587.93,17.25,Premium
21-11-2024,,P001,22,1002.35,6.7,Premium
30-11-2024,S005,,24,591.88,5.43,Regular
14-11-2024,S002,P001,15,775.66,2.7,New
08-11-2024,S006,P008,80,234.58,3.71,Premium
06-11-2024,S002,P006,1216,1041.85,2.51,New
16-11-2024,,P001,69,1136.58,8.96,Regular
26-11-2024,,P007,82,749.79,4.5,
01-12-2024,S001,,39,528.84,12.15,Regular
20-11-2024,S005,P002,13,960.47,4.34,Regular
04-11-2024,S005,,78,1049.87,18.61,
19-11-2024,S003,P001,30,566.13,0.07,Regular
21-11-2024,S001,P004,65,998.29,3.12,New
14-11-2024,S006,P002,7,774.22,18.7,Premium
08-11-2024,S004,P005,1,1435.8,5.44,Premium
30-11-2024,S001,P008,22,1275.99,,Regular
17-11-2024,S004,P008,99,,8.42,New
30-11-2024,S005,P007,6,1228.92,13.17,Regular
02-11-2024,S004,P008,99,834.18,17.98,
14-11-2024,S001,P007,4,153.66,1.94,
,S004,P006,99,,17.76,New
23-11-2024,S003,P007,66,1272.38,19.72,New
15-11-2024,S003,P001,29,361.71,16.63,New
17-11-2024,S005,P003,34,635.77,4.94,Premium
20-11-2024,S003,,100,341.98,15.81,Premium
08-11-2024,S001,P004,73,561.76,14.23,Regular
30-11-2024,S003,,,526.71,3.1,New
05-11-2024,S001,,,1144.37,2.15,New
22-11-2024,S005,P002,74,759.5,17.08,New
05-11-2024,S005,P006,96,1449,5.92,Premium
09-11-2024,,P006,93,144.55,1.98,Regular
,S001,P006,25,1198.24,,Regular
18-11-2024,,P001,64,409.69,9.54,
23-11-2024,,P007,41,213.77,18.3,Premium
04-11-2024,S005,P004,17,483.49,7.28,Premium
,S005,P008,72,866.29,7.11,New
29-11-2024,,P003,50,387.97,9.35,New
17-11-2024,S003,,,,8.69,Regular
11-11-2024,S002,P004,,900.05,1.97,Regular
30-11-2024,S005,P004,16,384.57,6.32,New
19-11-2024,S006,,79,813.67,6.75,New
12-11-2024,,,67,,5.14,Premium
14-11-2024,S002,P001,75,962.82,,New
06-11-2024,S002,P007,30,1390.89,18.73,Regular
11-11-2024,S002,P006,90,,,Regular
23-11-2024,S005,P003,47,1046.34,14.31,New
24-11-2024,S005,P002,7,1472.73,,New
01-12-2024,S006,P005,83,,6.43,Premium
15-11-2024,S006,P005,4,,0.72,Premium
03-11-2024,S002,P005,86,1143.81,6.46,
,S003,P007,11,918.76,8.72,Regular
01-11-2024,S002,P007,47,405.55,3.07,Premium
,S002,,5,934.34,3.32,New
28-11-2024,S001,P001,10,391.24,1.13,Premium
26-11-2024,S005,P002,78,,2.41,
01-11-2024,S004,P001,95,425.56,18.06,
29-11-2024,S003,P008,22,187.87,,Regular
23-11-2024,S003,P006,58,579.45,14.78,Premium
17-11-2024,S004,P008,75,,13.9,Premium
02-11-2024,S006,P007,18,999.63,13.27,New
10-11-2024,S005,P002,81,622.46,4.79,Premium
07-11-2024,,P001,24,728.11,2.89,
01-12-2024,S004,P002,,321.04,10.49,New
07-11-2024,S002,P001,86,848.85,1.12,Premium
01-11-2024,S005,P003,,925.17,0.69,Regular
26-11-2024,S004,P005,6,226.17,12.08,New
09-11-2024,S006,P006,61,596.16,12.75,Premium
12-11-2024,S004,P002,38,1383.71,3.67,Premium
27-11-2024,S005,P006,54,609.19,4.87,Regular
19-11-2024,S004,P002,50,827.54,8.27,Regular
02-11-2024,,P006,26,,7.87,New
01-12-2024,S002,P005,40,166,18.39,
23-11-2024,,P001,75,224.1,9.68,Regular
01-12-2024,,P002,48,456.85,14.38,Regular
16-11-2024,S006,P007,,1018.65,11.49,Premium
28-11-2024,S004,P003,19,895.62,15.51,Premium
29-11-2024,S003,P001,,1043.5,3.53,Premium
26-11-2024,S003,P007,82,670.19,19.24,
28-11-2024,,P002,24,1496.7,9.94,New
22-11-2024,S005,P004,57,1012.96,4.42,Premium
12-11-2024,S005,P006,76,319.65,6.92,New
02-11-2024,S002,P004,30,612.36,11.54,New
28-11-2024,S004,P002,22,879.98,17.49,New
16-11-2024,S001,P006,36,187.26,13.24,New
,S004,P004,38,,6.69,New
,S002,,38,997.35,6.89,Regular
15-11-2024,S002,P004,97,286.25,12.92,Regular
23-11-2024,S005,P004,12,381.47,14.14,Premium
05-11-2024,S006,P007,49,,7.11,Premium
21-11-2024,S001,P005,5,927.41,18.13,Regular
27-11-2024,S002,P008,59,680.03,6.82,New
05-11-2024,,P001,67,299.57,13.42,Regular
21-11-2024,S006,P008,18,989.35,1.52,New
28-11-2024,S001,P006,88,972.88,17.23,Premium
23-11-2024,S002,P007,68,557.04,5.94,Premium
,,P002,,1293.79,17.96,
23-11-2024,,P005,58,1108.56,13.94,Premium
14-11-2024,S006,P001,,,2.01,Premium
23-11-2024,S002,P007,91,291.27,19.25,Premium
23-11-2024,S006,,90,,,New
14-11-2024,S005,P003,36,952.98,17.53,New
04-11-2024,S006,P008,52,1262,10.83,New
20-11-2024,S003,P002,60,935.96,16.72,Regular
09-11-2024,S001,P002,76,661.15,9.15,Regular
13-11-2024,S005,P004,5,308.53,3.29,Premium
11-11-2024,S004,P002,28,349.42,10.27,New
25-11-2024,S004,P002,64,409.34,8.39,New
23-11-2024,,P003,57,500.26,1.44,New
18-11-2024,S003,,87,,0.6,Regular
25-11-2024,S006,P007,91,523.45,0.27,Regular
07-11-2024,S005,P004,59,212.52,16.96,Premium
27-11-2024,S003,P008,18,969.15,13.35,New
01-12-2024,S005,P008,11,512.19,14.61,New
,S001,P003,29,559.71,14.4,Premium
08-11-2024,S004,P006,86,377.04,8.06,Premium
18-11-2024,S004,,,1340.78,17.28,
13-11-2024,S005,P005,9,1487.08,6.49,Premium
24-11-2024,S002,P001,71,359.26,1.52,Regular
02-11-2024,S001,,,,1.93,Premium
02-11-2024,S004,P007,84,675.04,5.92,Premium
27-11-2024,S003,P003,41,295.7,16.26,Premium
25-11-2024,S005,P003,62,899.05,8.88,Regular
03-11-2024,S005,P002,99,759.17,8.86,New
11-11-2024,S004,P005,91,1446.64,5.21,
17-11-2024,,P006,57,434.16,,Regular
07-11-2024,S003,P006,79,1433.85,13.08,Regular
13-11-2024,S005,P004,80,737.9,10.83,
13-11-2024,S003,P006,70,1424.61,4.71,New
22-11-2024,,P003,92,332.3,3.44,New
14-11-2024,S004,P008,25,,5.09,New
13-11-2024,S004,P003,72,382.31,2.16,New
11-11-2024,S004,P003,88,470.35,1.33,Premium
,S006,P004,79,,6.01,New
20-11-2024,S006,P002,94,820.8,2.5,New
28-11-2024,S005,P008,,641.96,,Regular
10-11-2024,S003,P001,1337,1021.91,3.51,Regular
24-11-2024,S001,P005,31,999.23,11.36,
,S004,P007,23,113.05,2.28,Regular
10-11-2024,S004,P002,50,,9.5,Premium
29-11-2024,S002,P003,24,485.64,14.54,New
19-11-2024,S002,P002,49,858.35,1.62,New
06-11-2024,S001,,95,910.61,9.25,New
22-11-2024,,,9,585.92,16.97,New
01-11-2024,S001,P007,54,485.33,15.73,New
15-11-2024,S003,P001,89,249.76,4.99,Regular
24-11-2024,S006,P005,69,865.1,,New
10-11-2024,S003,P008,84,534.57,11.35,
11-11-2024,S005,P008,8,840.03,11.09,Premium
29-11-2024,S001,,18,1211.37,14.48,Premium
22-11-2024,S003,P005,93,,10.97,Premium
11-11-2024,S002,P005,100,,19.41,Regular
20-11-2024,S002,P003,89,1267.21,1.78,Premium
,S003,P007,40,476.64,3.4,New
03-11-2024,S002,P004,,483.72,16.42,Premium
14-11-2024,S006,P006,46,1432.55,1.1,New
16-11-2024,S005,P004,48,630.17,8.6,Regular
02-11-2024,,P006,34,1242.78,11.62,Premium
20-11-2024,S001,P002,86,1228.92,5.65,New
03-11-2024,S003,P007,90,191.67,13.1,Premium
07-11-2024,S001,P006,39,708.16,14.62,Regular
,,P003,71,806.55,17.55,Regular
02-11-2024,S003,P003,35,389.85,0.99,Premium
20-11-2024,S002,P007,87,563.42,13.74,Regular
,S003,P008,52,645.02,2.38,Regular
05-11-2024,S005,P005,49,253.39,,Regular
30-11-2024,S002,,32,788.48,11.25,Premium
19-11-2024,S006,P006,37,755.5,16.1,Premium
16-11-2024,S003,,52,683.51,0.7,New
19-11-2024,S001,P002,38,1439.37,18.94,Regular
27-11-2024,S004,P005,92,1069.28,16.51,Regular
07-11-2024,S003,P006,62,581.96,5.96,
05-11-2024,S005,P004,62,379.02,17.01,Regular
17-11-2024,S002,P006,2,710.33,4.43,New
,S003,P003,16,402.92,10.54,
27-11-2024,S005,P003,43,387.18,4.3,New
11-11-2024,S001,,19,1209.25,1.38,Regular
08-11-2024,S001,P008,0,1149.63,0.03,Regular
18-11-2024,S002,P002,98,1345.25,16.51,Premium
26-11-2024,S003,P007,73,705.55,,New
04-11-2024,S002,P008,79,897.42,18.4,New
27-11-2024,S001,P002,37,266.62,7.59,Regular
01-11-2024,S003,P002,50,369.66,11.05,Regular
23-11-2024,S005,P003,56,998.53,5.66,
18-11-2024,,P004,,1348.04,,New
03-11-2024,S001,P003,98,1323.56,0.49,Premium
21-11-2024,S001,P006,99,1052.76,1.14,
20-11-2024,S001,P007,18,697.75,10.19,Regular
24-11-2024,S002,P002,97,364.04,,Regular
20-11-2024,S003,P005,56,391.8,10.22,Premium
24-11-2024,S003,P007,11,1474.29,14.26,Premium
15-11-2024,S003,P004,46,1249.33,14.1,Premium
